"No.","Ticker","Company","Sector","Industry","Country","Market Cap","P/E","Price","Change","Volume"
1,"AAOI","Applied Optoelectronics Inc","Technology","Communication Equipment","USA",1869.43,,29.98,-10.25%,5268996
2,"ABCL","AbCellera Biologics Inc","Healthcare","Biotechnology","Canada",1634.62,,5.47,-1.97%,4648081
3,"ABEO","Abeona Therapeutics Inc","Healthcare","Biotechnology","USA",277.41,8.58,5.41,-1.10%,1349664
4,"ABR","Arbor Realty Trust Inc","Real Estate","REIT - Mortgage","USA",2265.31,13.34,11.78,-0.17%,1632409
5,"ABSI","Absci Corp","Healthcare","Biotechnology","USA",640.71,,4.28,-7.05%,5297618
6,"ACDC","ProFrac Holding Corp","Energy","Oil & Gas Equipment & Services","USA",687.31,,3.80,-3.55%,1520267
7,"ACHC","Acadia Healthcare Company Inc","Healthcare","Medical Care Facilities","USA",2166.45,15.46,23.46,-0.21%,2071231
8,"ACHR","Archer Aviation Inc","Industrials","Aerospace & Defense","USA",7004.99,,10.86,-4.82%,64778534
9,"AEHR","Aehr Test Systems","Technology","Semiconductor Equipment & Materials","USA",710.56,,23.68,-8.64%,1902087
10,"AEO","American Eagle Outfitters Inc","Consumer Cyclical","Apparel Retail","USA",2663.70,15.14,15.73,0.13%,4952366
11,"AESI","Atlas Energy Solutions Inc","Energy","Oil & Gas Equipment & Services","USA",1253.47,77.98,10.13,-2.31%,1802714
12,"AEVA","Aeva Technologies Inc","Technology","Software - Infrastructure","USA",926.59,,16.45,-3.86%,1593856
13,"AGRI","AgriFORCE Growing Systems ltd","Consumer Defensive","Farm Products","Canada",8.78,,3.51,-4.88%,169792
14,"AI","C3.ai Inc","Technology","Software - Infrastructure","USA",2420.64,,17.56,-3.68%,5789776
15,"AIRE","reAlpha Tech Corp","Real Estate","Real Estate Services","USA",64.50,,0.71,-1.92%,326343516
16,"AIRS","Airsculpt Technologies Inc","Healthcare","Medical Care Facilities","USA",639.35,,10.24,4.38%,1275028
17,"ALT","Altimmune Inc","Healthcare","Biotechnology","USA",344.20,,3.90,-3.47%,2698766
18,"AMCX","AMC Networks Inc","Communication Services","Entertainment","USA",326.25,,7.52,1.35%,352282
19,"AMPX","Amprius Technologies Inc","Industrials","Electrical Equipment & Parts","USA",1424.62,,11.39,-6.72%,11894086
20,"ANAB","AnaptysBio Inc","Healthcare","Biotechnology","USA",942.10,,33.65,-1.35%,334246
21,"ANGI","Angi Inc","Communication Services","Internet Content & Information","USA",623.01,11.73,14.05,1.59%,928026
22,"APGE","Apogee Therapeutics Inc","Healthcare","Biotechnology","USA",3558.97,,53.48,-4.28%,501299
23,"APLD","Applied Digital Corporation","Technology","Information Technology Services","USA",8563.98,,30.62,-5.90%,46846434
24,"APLS","Apellis Pharmaceuticals Inc","Healthcare","Biotechnology","USA",3553.80,,28.14,-0.60%,2680890
25,"ARCT","Arcturus Therapeutics Holdings Inc","Healthcare","Biotechnology","USA",313.36,,11.54,-50.17%,15239411
26,"ARQQ","Arqit Quantum Inc","Technology","Software - Infrastructure","United Kingdom",536.45,,35.08,-9.00%,1123297
27,"ARRY","Array Technologies Inc","Technology","Solar","USA",1368.41,,8.96,-0.88%,6279118
28,"ASAN","Asana Inc","Technology","Software - Application","USA",3383.06,,14.32,-2.78%,2719025
29,"ASPI","ASP Isotopes Inc","Basic Materials","Chemicals","USA",832.25,,8.91,-7.38%,11603017
30,"ASTS","AST SpaceMobile Inc","Technology","Communication Equipment","USA",25790.87,,71.35,-9.24%,27581535
31,"ATYR","Atyr Pharma Inc","Healthcare","Biotechnology","USA",94.69,,0.97,-6.18%,7983475
32,"AVBP","ArriVent BioPharma Inc","Healthcare","Biotechnology","USA",750.12,,18.49,-5.62%,222281
33,"AVXL","Anavex Life Sciences Corporation","Healthcare","Biotechnology","USA",803.11,,9.35,0.00%,568623
34,"AXL","American Axle & Manufacturing Holdings Inc","Consumer Cyclical","Auto Parts","USA",733.34,17.95,6.18,2.49%,3960075
35,"BBAI","BigBear.ai Holdings Inc","Technology","Information Technology Services","USA",2885.39,,6.61,-6.64%,148112553
36,"BBNX","Beta Bionics Inc","Healthcare","Medical Devices","USA",922.43,,21.22,1.14%,769175
37,"BBW","Build A Bear Workshop Inc","Consumer Cyclical","Specialty Retail","USA",736.38,12.57,56.10,0.00%,236383
38,"BCAX","Bicara Therapeutics Inc","Healthcare","Biotechnology","USA",898.38,,16.45,-3.58%,967607
39,"BE","Bloom Energy Corp","Industrials","Electrical Equipment & Parts","USA",22082.39,20078.72,94.37,-9.59%,16244395
40,"BEAM","Beam Therapeutics Inc","Healthcare","Biotechnology","USA",2800.16,,27.68,-7.39%,4227036
41,"BETR","Better Home & Finance Holding Co","Financial","Mortgage Finance","USA",1016.55,,65.93,-11.96%,1271712
42,"BGS","B&G Foods, Inc","Consumer Defensive","Packaged Foods","USA",368.02,,4.60,1.55%,1813851
43,"BIAF","BioAffinity Technologies Inc","Healthcare","Diagnostics & Research","USA",11.34,,2.52,-10.95%,532544
44,"BINI","Bollinger Innovations Inc","Consumer Cyclical","Auto Manufacturers","USA",0.32,,0.63,0.00%,0
45,"BIRD","Allbirds Inc","Consumer Cyclical","Apparel Retail","USA",55.15,,6.77,-0.88%,58856
46,"BIRK","Birkenstock Holding Plc","Consumer Cyclical","Footwear & Accessories","United Kingdom",7906.12,23.93,42.99,0.82%,1856699
47,"BKKT","Bakkt Holdings Inc","Technology","Software - Infrastructure","USA",649.42,,28.10,-12.57%,2092315
48,"BKSY","BlackSky Technology Inc","Industrials","Specialty Business Services","USA",770.29,,21.72,-13.81%,2679252
49,"BLMZ","Harrison Global Holdings Inc","Communication Services","Entertainment","Japan",2.68,,0.19,-4.62%,1951521
50,"BLNK","Blink Charging Co","Industrials","Engineering & Construction","USA",187.43,,1.79,1.13%,4266438
51,"BMBL","Bumble Inc","Communication Services","Internet Content & Information","USA",589.74,,5.67,1.07%,2204529
52,"BNBX","Applied Dna Sciences Inc","Healthcare","Diagnostics & Research","USA",6.20,,4.80,40.35%,55014326
53,"BNED","Barnes & Noble Education Inc","Consumer Cyclical","Specialty Retail","USA",310.91,,9.13,-2.35%,179961
54,"BNGO","Bionano Genomics Inc","Healthcare","Medical Instruments & Supplies","USA",18.74,,1.92,1.05%,361961
55,"BQ","Boqii Holding Limited","Consumer Cyclical","Specialty Retail","China",21.34,,7.41,-5.00%,29962
56,"BTBT","Bit Digital Inc","Financial","Capital Markets","USA",1153.94,,3.59,-7.24%,44585275
57,"BTDR","Bitdeer Technologies Group","Technology","Software - Application","Singapore",4534.97,,21.42,-9.51%,10006561
58,"BTSG","BrightSpring Health Services Inc","Healthcare","Health Information Services","USA",5963.63,54.99,32.94,2.14%,4633066
59,"BYND","Beyond Meat Inc","Consumer Defensive","Packaged Foods","USA",274.77,,3.58,-1.10%,2227938220
60,"BYRN","Byrna Technologies Inc","Industrials","Aerospace & Defense","USA",449.06,29.48,19.76,-4.73%,496412
61,"CABO","Cable One Inc","Communication Services","Telecom Services","USA",876.77,,155.76,-5.61%,74499
62,"CADL","Candel Therapeutics Inc","Healthcare","Biotechnology","USA",288.74,,5.26,-4.19%,872402
63,"CAKE","Cheesecake Factory Inc","Consumer Cyclical","Restaurants","USA",2822.76,17.44,56.67,2.29%,1827249
64,"CAL","Caleres Inc","Consumer Cyclical","Apparel Retail","USA",415.59,7.05,12.28,-3.84%,805501
65,"CAMT","Camtek Ltd","Technology","Semiconductor Equipment & Materials","Israel",5539.90,42.80,115.91,-3.71%,426473
66,"CAPR","Capricor Therapeutics Inc","Healthcare","Biotechnology","USA",284.82,,6.23,-2.20%,919631
67,"CAR","Avis Budget Group Inc","Industrials","Rental & Leasing Services","USA",5339.20,,151.71,-0.90%,569269
68,"CBRL","Cracker Barrel Old Country Store Inc","Consumer Cyclical","Restaurants","USA",821.49,17.87,36.89,-1.15%,1517316
69,"CDTX","Cidara Therapeutics Inc","Healthcare","Biotechnology","USA",2518.82,,99.33,-3.77%,687494
70,"CELC","Celcuity Inc","Healthcare","Biotechnology","USA",2971.57,,70.04,6.93%,1698856
71,"CEP","Cantor Equity Partners Inc","Financial","Shell Companies","USA",45.97,84.98,18.39,-6.22%,210562
72,"CGEM","Cullinan Therapeutics Inc","Healthcare","Biotechnology","USA",479.68,,8.12,-4.25%,732294
73,"CGON","Cg Oncology Inc","Healthcare","Biotechnology","USA",3195.54,,41.91,-2.67%,883279
74,"CHH","Choice Hotels International, Inc","Consumer Cyclical","Lodging","USA",4755.47,15.77,102.78,0.73%,621936
75,"CHPT","ChargePoint Holdings Inc","Consumer Cyclical","Specialty Retail","USA",253.38,,10.85,-1.81%,474336
76,"CHRS","Coherus Oncology Inc","Healthcare","Biotechnology","USA",195.27,,1.68,-3.45%,844034
77,"CHSN","Chanson International Holding","Consumer Cyclical","Restaurants","China",14.19,3.48,2.31,-6.48%,22312
78,"CHTR","Charter Communications Inc","Communication Services","Telecom Services","USA",37339.80,6.66,244.94,-3.00%,2258766
79,"CIFR","Cipher Mining Inc","Financial","Capital Markets","USA",6335.83,,16.11,-10.87%,63765672
80,"CLSK","Cleanspark Inc","Financial","Capital Markets","USA",4739.07,19.20,16.86,-10.18%,36451904
81,"CNX","CNX Resources Corp","Energy","Oil & Gas E&P","USA",4535.29,54.25,32.07,0.31%,1792133
82,"CNXC","Concentrix Corp","Technology","Information Technology Services","USA",2946.02,10.00,47.32,1.09%,681937
83,"COGT","Cogent Biosciences Inc","Healthcare","Biotechnology","USA",2074.55,,14.85,-6.37%,3729486
84,"COLL","Collegium Pharmaceutical Inc","Healthcare","Drug Manufacturers - Specialty & Generic","USA",1124.95,34.47,35.71,0.99%,321959
85,"CORZ","Core Scientific Inc","Technology","Software - Infrastructure","USA",5470.92,,17.80,-7.44%,23223937
86,"CPB","Campbells Co","Consumer Defensive","Packaged Foods","USA",9341.92,15.62,31.38,1.00%,6226637
87,"CRDF","Cardiff Oncology Inc","Healthcare","Biotechnology","USA",143.69,,2.16,-3.14%,689991
88,"CRK","Comstock Resources, Inc","Energy","Oil & Gas E&P","USA",5131.60,,17.51,-3.84%,2167422
89,"CRMD","CorMedix Inc","Healthcare","Biotechnology","USA",877.41,15.00,11.20,-3.86%,2279659
90,"CRMT","Americas Car Mart, Inc","Consumer Cyclical","Auto & Truck Dealerships","USA",217.80,16.93,26.31,-5.36%,142544
91,"CRNC","Cerence Inc","Technology","Software - Application","USA",479.98,,11.08,-6.89%,1458814
92,"CRSP","CRISPR Therapeutics AG","Healthcare","Biotechnology","Switzerland",6050.02,,66.52,-8.02%,3193011
93,"CRVS","Corvus Pharmaceuticals Inc","Healthcare","Biotechnology","USA",535.01,,7.18,-0.28%,873271
94,"CSIQ","Canadian Solar Inc","Technology","Solar","Canada",937.61,,14.00,-7.10%,2751024
95,"CTMX","CytomX Therapeutics Inc","Healthcare","Biotechnology","USA",559.05,5.93,3.39,-6.22%,3785294
96,"CVI","CVR Energy Inc","Energy","Oil & Gas Refining & Marketing","USA",3647.25,,36.28,4.40%,1356158
97,"CWH","Camping World Holdings Inc","Consumer Cyclical","Auto & Truck Dealerships","USA",1655.28,,16.21,2.01%,2057798
98,"CYBN","Cybin Inc","Healthcare","Biotechnology","Canada",137.12,,5.81,-3.97%,546615
99,"CZR","Caesars Entertainment Inc","Consumer Cyclical","Resorts & Casinos","USA",4702.69,,22.61,-0.35%,5784744
100,"DAVE","Dave Inc","Technology","Software - Application","USA",2947.18,57.66,218.33,-3.56%,387397
101,"DBI","Designer Brands Inc","Consumer Cyclical","Footwear & Accessories","USA",180.83,,3.65,0.00%,390689
102,"DDD","3D Systems Corp","Technology","Computer Hardware","USA",386.04,,3.01,-10.95%,4930063
103,"DERM","Journey Medical Corp","Healthcare","Drug Manufacturers - Specialty & Generic","USA",192.85,,7.33,-0.27%,100423
104,"DFDV","DeFi Development Corp","Technology","Software - Infrastructure","USA",396.63,22.03,13.73,-4.98%,1577320
105,"DFH","Dream Finders Homes Inc","Consumer Cyclical","Residential Construction","USA",2140.93,7.81,23.05,-0.99%,263588
106,"DIN","Dine Brands Global Inc","Consumer Cyclical","Restaurants","USA",441.07,9.58,28.68,2.39%,510333
107,"DK","Delek US Holdings Inc","Energy","Oil & Gas Refining & Marketing","USA",2139.62,,35.57,5.61%,1796448
108,"DLO","DLocal Limited","Technology","Software - Infrastructure","USA",4489.52,29.60,15.03,-1.89%,2178009
109,"DMAC","DiaMedica Therapeutics Inc","Healthcare","Biotechnology","USA",346.83,,6.71,1.36%,432867
110,"DNTH","Dianthus Therapeutics Inc","Healthcare","Biotechnology","USA",1331.85,,33.45,-4.51%,418540
111,"DNUT","Krispy Kreme Inc","Consumer Defensive","Grocery Stores","USA",689.93,,4.03,8.63%,152843453
112,"DOCN","DigitalOcean Holdings Inc","Technology","Software - Infrastructure","USA",3548.64,30.62,38.98,-1.89%,2519807
113,"DPRO","Draganfly Inc","Industrials","Aerospace & Defense","Canada",45.45,,8.37,-6.48%,4719329
114,"DWTX","Dogwood Therapeutics Inc","Healthcare","Biotechnology","USA",12.68,,5.53,-1.78%,23458
115,"DYN","Dyne Therapeutics Inc","Healthcare","Biotechnology","USA",2326.01,,16.35,-2.39%,1760927
116,"EAT","Brinker International, Inc","Consumer Cyclical","Restaurants","USA",5867.14,15.89,132.05,-1.06%,938879
117,"EBS","Emergent Biosolutions Inc","Healthcare","Drug Manufacturers - Specialty & Generic","USA",503.10,3.84,9.43,-0.21%,616113
118,"ENPH","Enphase Energy Inc","Technology","Solar","USA",4717.49,28.42,36.08,-2.72%,5653674
119,"ENVX","Enovix Corporation","Industrials","Electrical Equipment & Parts","USA",2204.87,,11.22,-5.36%,7320806
120,"EOLS","Evolus Inc","Healthcare","Drug Manufacturers - Specialty & Generic","USA",441.15,,6.82,0.44%,729996
121,"EOSE","Eos Energy Enterprises Inc","Industrials","Electrical Equipment & Parts","USA",4204.96,,15.06,-7.61%,27469647
122,"EPSM","Epsium Enterprise Ltd","Consumer Defensive","Beverages - Wineries & Distilleries","USA",268.80,,20.00,-2.49%,203139
123,"ESTA","Establishment Labs Holdings Inc","Healthcare","Medical Devices","USA",1444.19,,49.85,1.05%,373273
124,"ETSY","Etsy Inc","Consumer Cyclical","Internet Retail","USA",7259.70,58.58,73.25,1.82%,2912583
125,"EVGO","EVgo Inc","Consumer Cyclical","Specialty Retail","USA",1297.61,,4.22,-1.86%,3458875
126,"EVH","Evolent Health Inc","Healthcare","Health Information Services","USA",949.47,,8.08,-1.22%,1943823
127,"EXPI","eXp World Holdings Inc","Real Estate","Real Estate Services","USA",1735.85,,11.04,0.64%,723039
128,"EZPW","EZCorp, Inc","Financial","Credit Services","USA",1076.03,14.33,17.67,0.34%,589374
129,"FA","First Advantage Corp","Industrials","Specialty Business Services","USA",2526.35,,14.52,1.68%,970236
130,"FBIO","Fortress Biotech Inc","Healthcare","Biotechnology","USA",75.58,,2.54,-8.30%,625425
131,"FFAI","Faraday Future Intelligent Electric Inc","Consumer Cyclical","Auto Manufacturers","USA",203.16,,1.38,-1.43%,5202916
132,"FGL","Founder Group Ltd","Industrials","Engineering & Construction","Malaysia",5.33,,0.32,-0.57%,2199964
133,"FIG","Figma Inc","Technology","Software - Application","USA",4208.02,280.90,52.81,-5.21%,8750192
134,"FLG","Flagstar Bank NA","Financial","Banks - Regional","USA",4778.95,,11.50,-0.26%,2692818
135,"FLNC","Fluence Energy Inc","Utilities","Utilities - Renewable","USA",2777.74,,15.22,-6.40%,8524339
136,"FLWS","1-800 Flowers.com Inc","Consumer Cyclical","Specialty Retail","USA",279.29,,4.39,-14.76%,35774479
137,"FNKO","Funko Inc","Consumer Cyclical","Leisure","USA",160.56,,2.90,-1.36%,1295910
138,"FOUR","Shift4 Payments Inc","Technology","Software - Infrastructure","USA",6666.82,27.94,75.39,-1.98%,1833227
139,"FRPT","Freshpet Inc","Consumer Defensive","Packaged Foods","USA",2805.33,86.95,57.51,5.43%,1770078
140,"FTK","Flotek Industries Inc","Energy","Oil & Gas Equipment & Services","USA",443.68,33.69,14.86,-7.99%,359000
141,"FUBO","fuboTV Inc","Communication Services","Broadcasting","USA",1188.25,13.88,3.47,-4.93%,15831906
142,"FUN","Six Flags Entertainment Corp","Consumer Cyclical","Leisure","USA",2488.43,,24.57,-4.14%,7617861
143,"FVRR","Fiverr International Ltd","Communication Services","Internet Content & Information","Israel",830.92,47.46,22.54,-2.55%,387713
144,"FWRD","Forward Air Corp","Industrials","Integrated Freight & Logistics","USA",585.66,,19.02,-7.13%,825360
145,"GALT","Galectin Therapeutics Inc","Healthcare","Biotechnology","USA",312.61,,4.88,-7.92%,345331
146,"GCMG","GCM Grosvenor Inc","Financial","Asset Management","USA",2287.96,83.03,11.74,0.51%,786703
147,"GES","Guess Inc","Consumer Cyclical","Apparel Retail","USA",877.29,167.80,16.83,0.00%,547458
148,"GEVO","Gevo Inc","Basic Materials","Specialty Chemicals","USA",578.00,,2.39,-2.05%,8303997
149,"GIII","G-III Apparel Group Ltd","Consumer Cyclical","Apparel Manufacturing","USA",1183.72,6.94,28.04,0.18%,254138
150,"GLOB","Globant S.A","Technology","Information Technology Services","Luxembourg",2625.11,24.25,59.60,-2.74%,1491698
151,"GLSI","Greenwich LifeSciences Inc","Healthcare","Biotechnology","USA",123.49,,9.06,-1.09%,127263
152,"GLUE","Monte Rosa Therapeutics Inc","Healthcare","Biotechnology","USA",577.45,27.25,9.35,-2.50%,894690
153,"GME","Gamestop Corporation","Consumer Cyclical","Specialty Retail","USA",10073.47,30.75,22.49,-1.36%,11012887
154,"GMHS","Gamehaus Holdings Inc","Communication Services","Electronic Gaming & Multimedia","China",70.18,5.14,1.31,0.00%,81347
155,"GO","Grocery Outlet Holding Corp","Consumer Defensive","Grocery Stores","USA",1507.85,193.82,15.37,0.46%,2112450
156,"GOGO","Gogo Inc","Communication Services","Telecom Services","USA",1247.28,208.26,9.33,0.00%,926903
157,"GOLF","Acushnet Holdings Corp","Consumer Cyclical","Leisure","USA",4662.65,21.25,79.49,-0.44%,254195
158,"GOSS","Gossamer Bio Inc","Healthcare","Biotechnology","USA",502.51,,2.21,1.38%,2573978
159,"GRAL","GRAIL Inc","Healthcare","Diagnostics & Research","USA",2875.17,,79.76,-4.72%,1278138
160,"GRND","Grindr Inc","Technology","Software - Application","USA",2455.40,,12.79,-2.89%,1540272
161,"GRPN","Groupon Inc","Communication Services","Internet Content & Information","USA",864.31,,21.38,-0.05%,1343049
162,"GTI","Graphjet Technology","Basic Materials","Other Industrial Metals & Mining","Malaysia",14.60,,4.55,-7.33%,86041
163,"H","Hyatt Hotels Corporation","Consumer Cyclical","Lodging","USA",14572.01,36.01,152.03,1.77%,1212937
164,"HCTI","Healthcare Triangle Inc","Healthcare","Health Information Services","USA",15.45,,2.63,-5.05%,612636
165,"HIMS","Hims & Hers Health Inc","Healthcare","Drug Manufacturers - Specialty & Generic","USA",10726.89,59.40,47.46,-3.85%,23866270
166,"HNGE","Hinge Health Inc","Healthcare","Health Information Services","USA",3832.35,,48.86,-1.77%,881277
167,"HNST","Honest Company Inc","Consumer Defensive","Household & Personal Products","USA",395.01,63.17,3.55,-0.28%,4551065
168,"HPK","HighPeak Energy Inc","Energy","Oil & Gas E&P","USA",857.70,7.92,6.80,-0.29%,407941
169,"HROW","Harrow Inc","Healthcare","Drug Manufacturers - Specialty & Generic","USA",1439.02,,38.89,-4.73%,536368
170,"HRTX","Heron Therapeutics Inc","Healthcare","Biotechnology","USA",218.15,,1.19,-8.46%,2585952
171,"HTZ","Hertz Global Holdings Inc","Industrials","Rental & Leasing Services","USA",1538.39,,4.95,-3.13%,8062334
172,"HUBC","Hub Cyber Security Ltd","Technology","Software - Infrastructure","Israel",4.87,,1.60,-1.84%,3571427
173,"HUMA","Humacyte Inc","Healthcare","Biotechnology","USA",303.38,,1.62,-6.36%,6344118
174,"HUT","Hut 8 Corp","Financial","Capital Markets","USA",4098.79,27.52,38.84,-17.22%,18572846
175,"HYPD","Hyperion DeFi Inc","Healthcare","Biotechnology","USA",49.55,,7.12,-5.57%,326325
176,"HZO","Marinemax, Inc","Consumer Cyclical","Specialty Retail","USA",560.42,,26.11,-1.10%,183205
177,"IBG","Innovation Beverage Group Ltd","Consumer Defensive","Beverages - Wineries & Distilleries","Australia",8.62,,3.71,-7.71%,104110
178,"IBRX","ImmunityBio Inc","Healthcare","Biotechnology","USA",2230.80,,2.36,-3.28%,12031358
179,"IBTA","Ibotta Inc","Technology","Software - Application","USA",932.90,11.22,32.85,0.74%,242629
180,"ICU","SeaStar Medical Holding Corp","Healthcare","Biotechnology","USA",20.98,,0.62,-2.33%,702961
181,"IEP","Icahn Enterprises L P","Energy","Oil & Gas Refining & Marketing","USA",4690.57,,8.18,0.00%,549519
182,"IMCR","Immunocore Holdings plc ADR","Healthcare","Biotechnology","United Kingdom",1637.53,,32.51,-3.16%,345145
183,"IMNM","Immunome Inc","Healthcare","Biotechnology","USA",1384.01,,15.90,-5.02%,1684821
184,"IMRX","Immuneering Corp","Healthcare","Biotechnology","USA",323.84,,5.35,-8.55%,1433492
185,"IMVT","Immunovant Inc","Healthcare","Biotechnology","USA",3294.59,,18.90,-1.72%,2054293
186,"INDI","Indie Semiconductor Inc","Technology","Semiconductor Equipment & Materials","USA",1156.53,,5.35,-4.97%,4496954
187,"INDP","Indaptus Therapeutics Inc","Healthcare","Biotechnology","USA",3.82,,3.45,-3.90%,44304
188,"INMB","INmune Bio Inc","Healthcare","Biotechnology","USA",47.33,,1.78,-5.82%,415791
189,"INOD","Innodata Inc","Technology","Information Technology Services","USA",2295.12,57.90,72.07,-6.44%,2288924
190,"IONQ","IonQ Inc","Technology","Computer Hardware","USA",19264.89,,55.45,-6.81%,39326803
191,"IOVA","Iovance Biotherapeutics Inc","Healthcare","Biotechnology","USA",777.99,,2.15,-5.29%,13741722
192,"IQ","iQIYI Inc ADR","Communication Services","Entertainment","China",1146.63,172.22,2.17,0.46%,8679377
193,"IRBT","Irobot Corp","Consumer Cyclical","Furnishings, Fixtures & Appliances","USA",141.16,,4.50,3.69%,8862582
194,"JACK","Jack In The Box, Inc","Consumer Cyclical","Restaurants","USA",344.42,,18.24,0.50%,1064462
195,"JANX","Janux Therapeutics Inc","Healthcare","Biotechnology","USA",1582.87,,26.34,-1.83%,990751
196,"JBGS","JBG SMITH Properties","Real Estate","REIT - Office","USA",1591.55,,20.99,1.94%,529380
197,"JBLU","Jetblue Airways Corp","Industrials","Airlines","USA",1680.13,,4.62,-0.86%,27558985
198,"KALA","Kala Bio Inc","Healthcare","Biotechnology","USA",5.78,,0.82,-11.50%,657621
199,"KALV","KalVista Pharmaceuticals Inc","Healthcare","Biotechnology","USA",562.32,,11.13,-2.62%,815058
200,"KODK","Eastman Kodak Co","Industrials","Specialty Business Services","USA",511.20,,6.31,-1.56%,865137
201,"KPTI","Karyopharm Therapeutics Inc","Healthcare","Biotechnology","USA",53.25,,6.14,-4.51%,331668
202,"KRRO","Korro Bio Inc","Healthcare","Biotechnology","USA",381.37,,40.61,-2.00%,160417
203,"KRUS","Kura Sushi USA Inc","Consumer Cyclical","Restaurants","USA",803.52,,66.44,-0.45%,234361
204,"KSS","Kohl's Corp","Consumer Cyclical","Department Stores","USA",1868.28,9.10,16.67,1.65%,3533596
205,"KULR","KULR Technology Group Inc","Technology","Electronic Components","USA",172.47,,4.05,-2.64%,2636679
206,"LAC","Lithium Americas Corp (NewCo)","Basic Materials","Other Industrial Metals & Mining","Canada",1494.08,,6.69,-3.60%,30465322
207,"LASE","Laser Photonics Corp","Industrials","Specialty Industrial Machinery","USA",50.97,,3.57,-5.05%,508849
208,"LAZR","Luminar Technologies Inc","Consumer Cyclical","Auto Parts","USA",118.28,,1.72,-5.23%,7757181
209,"LB","Landbridge Company LLC","Energy","Oil & Gas Equipment & Services","USA",4346.54,147.21,56.78,0.32%,419204
210,"LCID","Lucid Group Inc","Consumer Cyclical","Auto Manufacturers","USA",5684.31,,18.50,-6.04%,8890640
211,"LDI","LoanDepot Inc","Financial","Mortgage Finance","USA",1065.58,,3.22,3.54%,5159939
212,"LE","Lands' End, Inc","Consumer Cyclical","Apparel Retail","USA",474.84,83.79,15.56,-0.64%,133515
213,"LENZ","LENZ Therapeutics Inc","Healthcare","Biotechnology","USA",932.67,,32.70,-2.56%,1743304
214,"LEU","Centrus Energy Corp","Energy","Uranium","USA",5732.38,51.73,314.83,-16.49%,3386987
215,"LFVN","Lifevantage Corporation","Consumer Defensive","Packaged Foods","USA",110.03,11.62,8.67,0.46%,116554
216,"LGHL","Lion Group Holding Ltd ADR","Financial","Capital Markets","China",0.75,,1.06,-9.40%,232433
217,"LGIH","LGI Homes Inc","Consumer Cyclical","Residential Construction","USA",1055.31,6.90,45.77,-2.76%,360066
218,"LMND","Lemonade Inc","Financial","Insurance - Property & Casualty","USA",3638.90,,49.25,-1.08%,1997024
219,"LOVE","Lovesac Company","Consumer Cyclical","Furnishings, Fixtures & Appliances","USA",215.79,23.70,14.77,-1.93%,752162
220,"LQDA","Liquidia Corp","Healthcare","Biotechnology","USA",1923.29,,22.34,-5.30%,2274361
221,"LRMR","Larimar Therapeutics Inc","Healthcare","Biotechnology","USA",336.37,,3.93,-8.39%,2415364
222,"LUNR","Intuitive Machines Inc","Industrials","Aerospace & Defense","USA",2028.45,,11.35,-10.49%,11122027
223,"LYFT","Lyft Inc","Technology","Software - Application","USA",8234.50,92.55,20.26,-1.84%,13310403
224,"MAMK","MaxsMaking Inc","Industrials","Conglomerates","China",23.46,207.89,3.16,-0.63%,14221
225,"MARA","MARA Holdings Inc","Financial","Capital Markets","USA",7094.27,17.15,19.15,-4.58%,41372865
226,"MBLY","Mobileye Global Inc","Consumer Cyclical","Auto Parts","Israel",11752.44,,14.31,-4.73%,7048768
227,"MBX","MBX Biosciences Inc","Healthcare","Biotechnology","USA",660.89,,14.78,-3.46%,695655
228,"MCW","Mister Car Wash Inc","Consumer Cyclical","Auto & Truck Dealerships","USA",1688.74,19.60,5.16,-2.46%,1748026
229,"MDGL","Madrigal Pharmaceuticals Inc","Healthcare","Biotechnology","USA",9271.12,,415.95,-3.27%,287981
230,"MED","Medifast Inc","Consumer Cyclical","Personal Services","USA",138.92,38.35,12.64,-1.79%,147837
231,"MIRM","Mirum Pharmaceuticals Inc","Healthcare","Biotechnology","USA",3496.54,,69.60,0.90%,601107
232,"MNRO","Monro Inc","Consumer Cyclical","Auto Parts","USA",548.61,,18.30,-0.65%,500142
233,"MOB","Mobilicom Limited ADR","Industrials","Aerospace & Defense","Israel",35.57,,7.38,-4.90%,382253
234,"MP","MP Materials Corporation","Basic Materials","Other Industrial Metals & Mining","USA",12361.47,,69.80,-5.82%,21854787
235,"MPW","Medical Properties Trust Inc","Real Estate","REIT - Healthcare Facilities","USA",3041.56,,5.06,-1.75%,6740513
236,"MRNA","Moderna Inc","Healthcare","Biotechnology","USA",10487.10,,26.85,-2.33%,7871696
237,"MSPR","MSP Recovery Inc","Healthcare","Health Information Services","USA",1.35,,0.90,22.58%,2262259
238,"MSS","Maison Solutions Inc","Consumer Defensive","Grocery Stores","USA",15.08,,0.77,-1.85%,734456
239,"MVIS","Microvision Inc","Technology","Scientific & Technical Instruments","USA",355.14,,1.18,-1.67%,7168776
240,"MVST","Microvast Holdings Inc","Consumer Cyclical","Auto Parts","USA",1740.64,,5.35,-6.30%,9686654
241,"NAAS","Naas Technology Inc ADR","Consumer Cyclical","Specialty Retail","China",1.39,,3.31,-4.06%,14254
242,"NBR","Nabors Industries Ltd","Energy","Oil & Gas Drilling","Bermuda",656.23,,41.70,1.83%,275580
243,"NCNA","NuCana plc ADR","Healthcare","Biotechnology","United Kingdom",7.68,,4.02,-4.51%,299690
244,"NEGG","Newegg Commerce Inc","Consumer Cyclical","Internet Retail","USA",858.49,,44.26,-11.83%,973453
245,"NFE","New Fortress Energy Inc","Energy","Oil & Gas Midstream","USA",506.50,,1.78,-5.82%,9913312
246,"NGNE","Neurogene Inc","Healthcare","Biotechnology","USA",438.71,,30.74,-2.63%,107899
247,"NITO","N2OFF Inc","Basic Materials","Agricultural Inputs","Israel",3.65,,3.83,-4.25%,401899
248,"NKTX","Nkarta Inc","Healthcare","Biotechnology","USA",156.26,,2.20,-7.95%,1361326
249,"NN","NextNav Inc","Technology","Software - Infrastructure","USA",1731.70,,12.86,-2.35%,1173851
250,"NNE","Nano Nuclear Energy Inc","Industrials","Specialty Industrial Machinery","USA",1617.55,,38.85,-7.70%,6176037
251,"NOG","Northern Oil and Gas Inc","Energy","Oil & Gas E&P","USA",2088.53,3.53,21.40,0.00%,1790124
252,"NOTE","FiscalNote Holdings Inc","Technology","Information Technology Services","USA",60.92,,4.24,-5.57%,190870
253,"NRIX","Nurix Therapeutics Inc","Healthcare","Biotechnology","USA",817.28,,10.63,2.02%,5597869
254,"NTLA","Intellia Therapeutics Inc","Healthcare","Biotechnology","USA",2638.59,,24.58,-8.86%,6200211
255,"NTST","Netstreit Corp","Real Estate","REIT - Retail","USA",1855.94,,19.27,0.73%,783873
256,"NUAI","New Era Energy & Digital Inc","Technology","Software - Infrastructure","USA",98.46,,3.79,-12.47%,21663983
257,"NUKK","Nukkleus Inc","Technology","Software - Application","USA",102.85,0.38,7.59,0.93%,2822841
258,"NUTX","Nutex Health Inc","Healthcare","Medical Care Facilities","USA",635.00,9.60,114.31,-0.17%,113873
259,"NUVB","Nuvation Bio Inc","Healthcare","Biotechnology","USA",1424.58,,4.15,-1.43%,10738581
260,"NVAX","Novavax, Inc","Healthcare","Biotechnology","USA",1374.09,3.75,8.46,-1.51%,3949788
261,"NVNI","Nvni Group Ltd","Technology","Software - Application","Brazil",11.99,,3.47,-8.44%,201488
262,"NVTS","Navitas Semiconductor Corp","Technology","Semiconductors","USA",2899.32,,13.60,-9.48%,54948129
263,"NXE","NexGen Energy Ltd","Energy","Uranium","Canada",4873.13,,8.47,3.80%,13707379
264,"OCGN","Ocugen Inc","Healthcare","Biotechnology","USA",471.58,,1.51,-3.82%,4449954
265,"OMC","Omnicom Group, Inc","Communication Services","Advertising Agencies","USA",15736.11,11.99,81.23,3.20%,7381693
266,"OMER","Omeros Corporation","Healthcare","Biotechnology","USA",526.75,,7.74,-1.65%,1923860
267,"ONEW","Onewater Marine Inc","Consumer Cyclical","Specialty Retail","USA",261.27,,15.96,0.88%,142384
268,"OPAD","Offerpad Solutions Inc","Real Estate","Real Estate Services","USA",77.38,,2.53,-11.54%,2691788
269,"OPEN","Opendoor Technologies Inc","Real Estate","Real Estate Services","USA",5019.21,,6.82,-2.01%,113344977
270,"OPFI","OppFi Inc","Financial","Credit Services","USA",847.74,,9.71,-2.61%,527825
271,"ORGO","Organogenesis Holdings Inc","Healthcare","Drug Manufacturers - Specialty & Generic","USA",517.58,,4.08,0.25%,395195
272,"ORIC","ORIC Pharmaceuticals Inc","Healthcare","Biotechnology","USA",1173.25,,12.08,-4.13%,1288507
273,"ORIS","Oriental Rise Holdings Ltd","Consumer Defensive","Packaged Foods","China",3.20,0.82,0.15,3.19%,5097172
274,"OSCR","Oscar Health Inc","Healthcare","Healthcare Plans","USA",5266.83,,20.37,-6.43%,14191772
275,"OTLK","Outlook Therapeutics Inc","Healthcare","Biotechnology","USA",59.52,,1.34,-4.96%,1421142
276,"OXM","Oxford Industries, Inc","Consumer Cyclical","Apparel Manufacturing","USA",572.98,10.43,38.54,-2.50%,370802
277,"PBF","PBF Energy Inc","Energy","Oil & Gas Refining & Marketing","USA",3410.79,,29.48,5.06%,2543601
278,"PCT","PureCycle Technologies Inc","Industrials","Pollution & Treatment Controls","USA",2330.40,,12.94,-1.45%,2540697
279,"PDYN","Palladyne AI Corp","Technology","Software - Infrastructure","USA",336.01,,8.01,-7.29%,2034374
280,"PEB","Pebblebrook Hotel Trust","Real Estate","REIT - Hotel & Motel","USA",1296.02,,10.93,2.05%,2797614
281,"PEW","GrabAGun Digital Holdings Inc","Industrials","Aerospace & Defense","USA",141.64,31.03,4.49,-0.44%,562698
282,"PGEN","Precigen Inc","Healthcare","Biotechnology","USA",1165.07,,3.91,-4.17%,4317429
283,"PGY","Pagaya Technologies Ltd","Technology","Software - Infrastructure","USA",2177.21,,28.42,-2.74%,4048532
284,"PHAT","Phathom Pharmaceuticals Inc","Healthcare","Biotechnology","USA",954.90,,13.46,-3.86%,769348
285,"PHLT","Performant Healthcare Inc","Healthcare","Health Information Services","USA",623.41,,7.75,0.00%,0
286,"PK","Park Hotels & Resorts Inc","Real Estate","REIT - Hotel & Motel","USA",2255.03,42.58,11.28,2.45%,2800506
287,"PLAY","Dave & Buster's Entertainment Inc","Communication Services","Entertainment","USA",618.45,51.18,17.84,-4.75%,1630939
288,"PLCE","Childrens Place Inc","Consumer Cyclical","Apparel Manufacturing","USA",179.12,,8.08,-5.72%,785159
289,"PLSE","Pulse Biosciences Inc","Healthcare","Medical Instruments & Supplies","USA",1160.85,,17.25,-4.59%,113927
290,"PLTK","Playtika Holding Corp","Communication Services","Electronic Gaming & Multimedia","Israel",1360.39,15.70,3.62,-1.09%,1770524
291,"PLUG","Plug Power Inc","Industrials","Electrical Equipment & Parts","USA",3455.03,,2.92,-6.41%,112531780
292,"POWL","Powell Industries, Inc","Industrials","Electrical Equipment & Parts","USA",4017.26,23.12,332.87,-4.44%,302595
293,"PPC","Pilgrim's Pride Corp","Consumer Defensive","Packaged Foods","USA",9060.06,7.34,38.14,0.95%,2020854
294,"PRCH","Porch Group Inc","Technology","Software - Application","USA",1569.25,32.44,15.05,-2.90%,1723413
295,"PRCT","Procept BioRobotics Corp","Healthcare","Medical Devices","USA",1952.82,,35.10,1.42%,1435194
296,"PRME","Prime Medicine Inc","Healthcare","Biotechnology","USA",910.59,,5.11,-8.59%,5861373
297,"PROP","Prairie Operating Co","Energy","Oil & Gas E&P","USA",87.98,,1.75,-5.41%,1680570
298,"PSNL","Personalis Inc","Healthcare","Diagnostics & Research","USA",791.44,,8.93,-6.74%,1553353
299,"PSQH","PSQ Holdings Inc","Technology","Software - Application","USA",95.96,,2.09,7.18%,2112623
300,"PSTV","Plus Therapeutics Inc","Healthcare","Biotechnology","USA",58.51,,0.59,-4.84%,13066236
301,"PTLO","Portillos Inc","Consumer Cyclical","Restaurants","USA",449.08,13.05,5.96,1.36%,3601889
302,"PTON","Peloton Interactive Inc","Consumer Cyclical","Leisure","USA",3172.40,,7.78,-1.02%,13780112
303,"PVLA","Palvella Therapeutics Inc","Healthcare","Biotechnology","USA",810.90,,73.32,-3.09%,195829
304,"QBTS","D-Wave Quantum Inc","Technology","Computer Hardware","USA",9333.68,,27.29,-15.22%,79628979
305,"QCLS","Q/C Technologies Inc","Technology","Computer Hardware","USA",11.17,,3.75,-10.29%,783960
306,"QMCO","Quantum Corp","Technology","Computer Hardware","USA",124.13,,9.32,-5.95%,1284327
307,"QUBT","Quantum Computing Inc","Technology","Computer Hardware","USA",2778.79,,14.87,-7.06%,51281542
308,"QURE","uniQure N.V","Healthcare","Biotechnology","Netherlands",3690.68,,59.91,-5.01%,1508171
309,"RC","Ready Capital Corp","Real Estate","REIT - Mortgage","USA",514.34,,3.13,-0.63%,2222250
310,"RCAT","Red Cat Holdings Inc","Industrials","Aerospace & Defense","USA",1178.92,,9.99,-8.60%,12843784
311,"RCUS","Arcus Biosciences Inc","Healthcare","Biotechnology","USA",1788.04,,16.80,-6.93%,1078881
312,"RDDT","Reddit Inc","Communication Services","Internet Content & Information","USA",36879.13,166.33,197.05,-4.21%,5863525
313,"RDHL","Redhill Biopharma Ltd. ADR","Healthcare","Drug Manufacturers - Specialty & Generic","Israel",5.79,,1.74,-3.33%,354925
314,"REAL","Therealreal Inc","Consumer Cyclical","Luxury Goods","USA",1358.07,,11.78,-3.00%,2727105
315,"RELI","Reliance Global Group Inc","Financial","Insurance Brokers","USA",3.77,,0.82,2.33%,462637
316,"REPL","Replimune Group Inc","Healthcare","Biotechnology","USA",647.86,,8.30,2.47%,4107962
317,"RES","RPC, Inc","Energy","Oil & Gas Equipment & Services","USA",1003.81,18.29,4.55,0.66%,1098847
318,"RH","RH","Consumer Cyclical","Specialty Retail","USA",3351.81,33.26,178.81,-3.71%,869241
319,"RIG","Transocean Ltd","Energy","Oil & Gas Drilling","Switzerland",3765.39,,3.42,3.32%,77396593
320,"RIGL","Rigel Pharmaceuticals","Healthcare","Biotechnology","USA",550.49,5.67,30.69,1.39%,600287
321,"RILY","B. Riley Financial Inc","Financial","Financial Conglomerates","USA",157.27,,5.14,-4.28%,532372
322,"RIOT","Riot Platforms Inc","Financial","Capital Markets","USA",7019.14,,18.99,-8.13%,20084786
323,"RIVN","Rivian Automotive Inc","Consumer Cyclical","Auto Manufacturers","USA",15677.57,,12.92,-2.12%,41848605
324,"RKT","Rocket Companies Inc","Financial","Mortgage Finance","USA",48795.86,,17.34,1.76%,36158868
325,"RLAY","Relay Therapeutics Inc","Healthcare","Biotechnology","USA",1117.23,,6.48,-7.95%,1985686
326,"RNA","Avidity Biosciences Inc","Healthcare","Biotechnology","USA",6837.03,,46.86,-4.46%,1592491
327,"RNAC","Cartesian Therapeutics Inc","Healthcare","Biotechnology","USA",233.76,,8.99,-3.12%,110600
328,"ROOT","Root Inc","Financial","Insurance - Property & Casualty","USA",1205.66,16.42,78.05,-1.66%,398777
329,"RR","Richtech Robotics Inc","Industrials","Specialty Industrial Machinery","USA",1003.59,,5.06,-10.12%,42551690
330,"RUN","Sunrun Inc","Technology","Solar","USA",4550.04,,19.72,-3.52%,6193397
331,"RVLV","Revolve Group Inc","Consumer Cyclical","Internet Retail","USA",1595.59,35.56,22.38,-0.53%,1348788
332,"RVPH","Reviva Pharmaceuticals Holdings Inc","Healthcare","Biotechnology","USA",42.56,,0.44,-15.06%,11074620
333,"RXRX","Recursion Pharmaceuticals Inc","Healthcare","Biotechnology","USA",2499.31,,5.75,-5.89%,45277043
334,"SAIL","Sailpoint Inc","Technology","Software - Infrastructure","USA",12245.98,,22.00,-3.00%,1056314
335,"SANA","Sana Biotechnology Inc","Healthcare","Biotechnology","USA",1422.86,,5.50,-3.68%,5892044
336,"SAVA","Cassava Sciences Inc","Healthcare","Biotechnology","USA",178.74,,3.70,-7.04%,2768019
337,"SBH","Sally Beauty Holdings Inc","Consumer Cyclical","Specialty Retail","USA",1473.29,8.02,14.89,-0.73%,1551722
338,"SCVL","Shoe Carnival, Inc","Consumer Cyclical","Apparel Retail","USA",533.23,8.58,19.48,-2.84%,196419
339,"SDGR","Schrodinger Inc","Healthcare","Health Information Services","USA",1530.27,,20.79,-0.38%,1262269
340,"SEAT","Vivid Seats Inc","Communication Services","Internet Content & Information","USA",133.57,,12.99,3.01%,107847
341,"SEDG","Solaredge Technologies Inc","Technology","Solar","Israel",2226.55,,37.50,-3.28%,3321557
342,"SEI","Solaris Energy Infrastructure Inc","Energy","Oil & Gas Equipment & Services","USA",3135.17,78.48,46.39,-5.35%,3346170
343,"SERV","Serve Robotics Inc","Industrials","Specialty Industrial Machinery","USA",857.73,,12.97,-8.79%,12955125
344,"SEZL","Sezzle Inc","Financial","Credit Services","USA",2515.35,25.37,73.93,-1.68%,899888
345,"SG","Sweetgreen Inc","Consumer Cyclical","Restaurants","USA",933.87,,7.90,-2.71%,6583225
346,"SGBX","Safe & Green Holdings Corp","Industrials","Metal Fabrication","USA",1.10,,2.28,-3.80%,12544522
347,"SGRY","Surgery Partners Inc","Healthcare","Medical Care Facilities","USA",2728.30,,21.28,1.04%,1028189
348,"SHFS","SHF Holdings Inc","Financial","Banks - Regional","USA",8.54,,2.89,-11.08%,284313
349,"SIG","Signet Jewelers Ltd","Consumer Cyclical","Luxury Goods","Bermuda",4276.70,35.04,104.44,-0.32%,1158040
350,"SION","Sionna Therapeutics Inc","Healthcare","Biotechnology","USA",1717.04,,38.90,-8.47%,580555
351,"SKIN","Beauty Health Company","Consumer Defensive","Household & Personal Products","USA",168.68,,1.33,-0.75%,1172456
352,"SKYE","Skye Bioscience Inc","Healthcare","Biotechnology","USA",44.31,,1.43,-1.38%,793033
353,"SKYQ","Sky Quarry Inc","Energy","Oil & Gas Integrated","USA",9.82,,0.42,-2.93%,737121
354,"SKYT","SkyWater Technology Inc","Technology","Semiconductors","USA",743.35,,15.43,-1.28%,1833402
355,"SLDB","Solid Biosciences Inc","Healthcare","Biotechnology","USA",439.18,,5.64,-6.16%,899625
356,"SLMT","Brera Holdings PLC","Communication Services","Entertainment","Ireland",5.30,,8.35,-13.11%,2472654
357,"SLNO","Soleno Therapeutics Inc","Healthcare","Biotechnology","USA",3555.40,,66.90,-0.34%,777433
358,"SLS","SELLAS Life Sciences Group Inc","Healthcare","Biotechnology","USA",243.90,,1.95,2.09%,5827078
359,"SMCI","Super Micro Computer Inc","Technology","Computer Hardware","USA",31199.35,31.63,52.50,-4.23%,34326246
360,"SMLR","Semler Scientific Inc","Healthcare","Medical Devices","USA",441.43,9.28,22.53,-4.17%,910782
361,"SMMT","Summit Therapeutics Inc","Healthcare","Biotechnology","USA",14229.56,,19.16,2.24%,6114051
362,"SMR","NuScale Power Corporation","Industrials","Specialty Industrial Machinery","USA",9890.92,,34.72,-9.51%,39024319
363,"SMX","SMX (Security Matters) Plc","Industrials","Specialty Business Services","Ireland",1.15,,0.87,11.01%,8481271
364,"SNBR","Sleep Number Corp","Consumer Cyclical","Furnishings, Fixtures & Appliances","USA",151.20,,6.64,0.76%,892796
365,"SNDX","Syndax Pharmaceuticals Inc","Healthcare","Biotechnology","USA",1301.61,,15.11,-0.59%,2545557
366,"SOC","Sable Offshore Corp","Energy","Oil & Gas Drilling","USA",1176.18,,11.82,-4.68%,4599126
367,"SONN","Sonnet BioTherapeutics Holdings Inc","Healthcare","Biotechnology","USA",24.78,,3.63,-6.68%,240030
368,"SOUN","SoundHound AI Inc","Technology","Software - Application","USA",7240.51,,17.76,-2.58%,43563795
369,"SOWG","Sow Good Inc","Consumer Defensive","Confectioners","USA",11.37,,0.93,10.85%,2768926
370,"SPCE","Virgin Galactic Holdings Inc","Industrials","Aerospace & Defense","USA",214.24,,3.72,-5.58%,5203478
371,"SPHR","Sphere Entertainment Co","Communication Services","Entertainment","USA",2320.16,,64.45,-1.26%,1283316
372,"SPRY","ARS Pharmaceuticals Inc","Healthcare","Biotechnology","USA",960.59,,9.72,-1.82%,1170311
373,"SPWR","SunPower Inc","Technology","Solar","USA",157.08,,1.89,-5.50%,3670187
374,"SQNS","Sequans Communications S.A ADR","Technology","Semiconductors","France",18.56,,7.28,-4.84%,239602
375,"SRPT","Sarepta Therapeutics Inc","Healthcare","Biotechnology","USA",2195.62,,22.47,-3.77%,3707731
376,"SRRK","Scholar Rock Holding Corp","Healthcare","Biotechnology","USA",2741.55,,28.52,1.24%,3043552
377,"STFS","Star Fashion Culture Holdings Ltd","Communication Services","Advertising Agencies","China",2.74,27.69,0.20,-1.70%,5717821
378,"STI","Solidion Technology Inc","Industrials","Electrical Equipment & Parts","USA",29.60,,10.67,-23.40%,640354
379,"STOK","Stoke Therapeutics Inc","Healthcare","Biotechnology","USA",1782.01,38.49,32.52,-6.23%,1167301
380,"SVCO","Silvaco Group Inc","Technology","Software - Application","USA",175.91,,5.79,-3.50%,130185
381,"SVRA","Savara Inc","Healthcare","Biotechnology","USA",710.36,,4.11,-2.84%,1829910
382,"SVV","Savers Value Village Inc","Consumer Cyclical","Specialty Retail","USA",2017.56,63.05,12.97,1.57%,838671
383,"SYM","Symbotic Inc","Industrials","Specialty Industrial Machinery","USA",38051.39,,64.44,-7.80%,2045454
384,"SYRE","Spyre Therapeutics Inc","Healthcare","Biotechnology","USA",1721.17,,22.21,-4.47%,906704
385,"TAOX","TAO Synergies Inc","Technology","Software - Infrastructure","USA",27.36,,7.84,-5.14%,512982
386,"TARS","Tarsus Pharmaceuticals Inc","Healthcare","Biotechnology","USA",2900.11,,68.70,-2.99%,767556
387,"TBCH","Turtle Beach Corp","Technology","Consumer Electronics","USA",319.08,17.19,16.11,-0.43%,165752
388,"TBHC","Brand House Collective Inc","Consumer Cyclical","Home Improvement Retail","USA",36.83,,1.64,4.46%,487491
389,"TDUP","ThredUp Inc","Consumer Cyclical","Internet Retail","USA",1105.98,,8.98,0.00%,1239433
390,"TECX","Tectonic Therapeutic Inc","Healthcare","Biotechnology","USA",331.20,,17.70,-6.79%,457744
391,"TEM","Tempus AI Inc","Healthcare","Health Information Services","USA",14813.74,,85.27,-4.30%,8141416
392,"TGTX","TG Therapeutics Inc","Healthcare","Biotechnology","USA",5488.24,92.44,34.59,-1.79%,1037937
393,"TIL","Instil Bio Inc","Healthcare","Biotechnology","USA",124.95,,18.51,-2.58%,61070
394,"TKNO","Alpha Teknova Inc","Healthcare","Drug Manufacturers - Specialty & Generic","USA",297.01,,5.55,-1.25%,182817
395,"TMC","TMC the metals company Inc","Basic Materials","Other Industrial Metals & Mining","Canada",2950.41,,7.26,-7.04%,13034521
396,"TMDX","Transmedics Group Inc","Healthcare","Medical Devices","USA",4075.16,61.82,119.54,-0.49%,897568
397,"TNGX","Tango Therapeutics Inc","Healthcare","Biotechnology","USA",963.51,,8.66,-3.67%,1583879
398,"TNXP","Tonix Pharmaceuticals Holding Corp","Healthcare","Biotechnology","USA",165.50,,18.88,-4.16%,715242
399,"TR","Tootsie Roll Industries, Inc","Consumer Defensive","Confectioners","USA",3363.20,34.20,42.49,1.75%,178285
400,"TRIP","TripAdvisor Inc","Consumer Cyclical","Travel Services","USA",1908.07,34.53,16.43,0.49%,2290540
401,"TRUP","Trupanion Inc","Financial","Insurance - Property & Casualty","USA",1875.86,171.17,43.63,-0.89%,340831
402,"TRVI","Trevi Therapeutics Inc","Healthcare","Biotechnology","USA",1326.15,,10.89,2.25%,1544619
403,"TSHA","Taysha Gene Therapies Inc","Healthcare","Biotechnology","USA",1347.60,,4.94,-4.08%,2784621
404,"TSSI","TSS Inc","Technology","Information Technology Services","USA",460.35,45.63,16.23,-5.58%,1649355
405,"TTEC","TTEC Holdings Inc","Technology","Information Technology Services","USA",171.07,,3.53,-3.29%,189343
406,"TWST","Twist Bioscience Corp","Healthcare","Diagnostics & Research","USA",1874.81,,31.06,-6.98%,2251760
407,"TYRA","Tyra Biosciences Inc","Healthcare","Biotechnology","USA",745.63,,13.99,-4.89%,628054
408,"UA","Under Armour Inc","Consumer Cyclical","Apparel Manufacturing","USA",2023.22,20.12,4.64,0.00%,4410580
409,"UAA","Under Armour Inc","Consumer Cyclical","Apparel Manufacturing","USA",2019.00,20.73,4.78,-0.21%,9421879
410,"UAMY","United States Antimony Corp","Basic Materials","Other Industrial Metals & Mining","USA",1820.69,,13.11,5.81%,27890414
411,"UFG","Uni Fuels Holdings Ltd","Industrials","Marine Shipping","Singapore",22.45,,0.99,-2.83%,166489
412,"UFPT","UFP Technologies Inc","Healthcare","Medical Devices","USA",1593.50,23.96,206.65,2.69%,155454
413,"ULCC","Frontier Group Holdings Inc","Industrials","Airlines","USA",974.23,,4.27,-2.06%,2403356
414,"UPB","Upstream Bio Inc","Healthcare","Biotechnology","USA",1194.10,,22.15,-0.81%,450360
415,"UPST","Upstart Holdings Inc","Financial","Credit Services","USA",4847.45,,50.38,-3.78%,7430834
416,"UPXI","Upexi Inc","Communication Services","Internet Content & Information","USA",279.72,,4.75,-6.68%,3226014
417,"URBN","Urban Outfitters, Inc","Consumer Cyclical","Apparel Retail","USA",6088.70,13.28,67.88,-0.18%,2057506
418,"URGN","UroGen Pharma Ltd","Healthcare","Biotechnology","USA",817.02,,17.66,-2.65%,844835
419,"UWMC","UWM Holdings Corporation","Financial","Mortgage Finance","USA",9164.09,,5.73,1.24%,9829457
420,"VAL","Valaris Ltd","Energy","Oil & Gas Equipment & Services","Bermuda",3525.78,12.89,49.51,2.34%,1140413
421,"VELO","Velo3D Inc","Technology","Computer Hardware","USA",110.15,,5.53,-20.93%,1740003
422,"VERA","Vera Therapeutics Inc","Healthcare","Biotechnology","USA",1910.88,,29.94,-1.29%,654608
423,"VITL","Vital Farms Inc","Consumer Defensive","Farm Products","USA",1710.58,33.94,38.28,0.39%,1222280
424,"VKTX","Viking Therapeutics Inc","Healthcare","Biotechnology","USA",3533.02,,31.42,-4.73%,4293141
425,"VOR","Vor Biopharma Inc","Healthcare","Biotechnology","USA",181.29,,26.50,-4.57%,295793
426,"VSA","VisionSys AI Inc ADR","Consumer Defensive","Education & Training Services","China",109.87,,2.78,-5.44%,70134
427,"VSCO","Victoria's Secret & Co","Consumer Cyclical","Apparel Retail","USA",2492.31,17.40,31.09,-0.89%,1450945
428,"VSTM","Verastem Inc","Healthcare","Biotechnology","USA",483.75,,7.86,-1.63%,2304502
429,"VTLE","Vital Energy Inc","Energy","Oil & Gas E&P","USA",585.09,,15.12,0.67%,439283
430,"VUZI","Vuzix Corporation","Technology","Consumer Electronics","USA",282.34,,3.52,-11.01%,2661365
431,"W","Wayfair Inc","Consumer Cyclical","Internet Retail","USA",10571.26,,81.53,0.77%,2467096
432,"WEST","Westrock Coffee Company","Consumer Defensive","Packaged Foods","USA",475.44,,5.02,-2.52%,370393
433,"WHR","Whirlpool Corp","Consumer Cyclical","Furnishings, Fixtures & Appliances","USA",4080.85,,73.01,-2.07%,1292000
434,"WOLF","Wolfspeed Inc","Technology","Semiconductors","USA",797.17,,29.48,-1.99%,1596785
435,"WOOF","Petco Health and Wellness Co Inc","Consumer Cyclical","Specialty Retail","USA",1034.15,,3.69,-1.60%,1949387
436,"WRAP","Wrap Technologies Inc","Technology","Scientific & Technical Instruments","USA",121.46,,2.39,-7.36%,276368
437,"WT","WisdomTree Inc","Financial","Asset Management","USA",1849.14,32.47,12.57,-1.80%,3563682
438,"WTI","W & T Offshore Inc","Energy","Oil & Gas E&P","USA",311.52,,2.10,-0.47%,1819493
439,"WULF","TeraWulf Inc","Financial","Capital Markets","USA",5146.22,,12.61,-4.00%,41497226
440,"XHG","XChange Tec.Inc. ADR","Financial","Insurance Brokers","China",1.00,,1.00,3.09%,15166
441,"XLO","Xilio Therapeutics Inc","Healthcare","Biotechnology","USA",39.02,,0.75,-0.34%,815175
442,"XOS","Xos Inc","Industrials","Farm & Heavy Construction Machinery","USA",23.99,,2.76,-4.50%,31069
443,"XPOF","Xponential Fitness Inc","Consumer Cyclical","Leisure","USA",338.36,,6.95,-1.00%,278088
444,"XPON","Expion360 Inc","Industrials","Electrical Equipment & Parts","USA",4.83,,1.39,-6.08%,597811
445,"XRX","Xerox Holdings Corp","Technology","Information Technology Services","USA",401.39,,3.19,-0.62%,3273810
446,"XXII","22nd Century Group Inc","Consumer Defensive","Tobacco","USA",5.60,,1.48,-1.99%,336958
447,"YCBD","cbdMD Inc","Healthcare","Drug Manufacturers - Specialty & Generic","USA",8.92,,1.00,-5.66%,450146
448,"YDES","YD Bio Ltd","Healthcare","Biotechnology","Taiwan",58.04,,17.51,-5.50%,19772
449,"YHC","LQR House Inc","Consumer Defensive","Beverages - Wineries & Distilleries","USA",10.18,,0.98,15.17%,1077214
450,"YOU","Clear Secure Inc","Technology","Software - Application","USA",4322.74,17.42,32.52,1.09%,1376220
451,"YYAI","AiRWA Inc","Technology","Software - Infrastructure","USA",2.76,,0.19,133.75%,2473704807
452,"ZBIO","Zenas Biopharma Inc","Healthcare","Biotechnology","USA",1026.23,,24.37,-6.38%,211726
453,"ZIM","Zim Integrated Shipping Services Ltd","Industrials","Marine Shipping","Israel",1679.18,0.84,13.94,2.20%,3618267
454,"ZOOZ","Zooz Power Ltd","Consumer Cyclical","Specialty Retail","Israel",19.37,,1.55,-4.91%,276188
455,"ZVRA","Zevra Therapeutics Inc","Healthcare","Biotechnology","USA",604.01,,10.76,-3.06%,1113245
456,"ZYXI","Zynex Inc","Healthcare","Medical Distribution","USA",40.60,,1.34,-5.63%,87376
